preset,rank,company_id,company_name,broad_sector,year_normalized,return_on_equity_pct,return_on_capital_employed_pct,net_profit_margin_pct,debt_to_equity,interest_coverage,free_cash_flow_cr,revenue_cagr_3y_pct,revenue_cagr_5y_pct,pat_cagr_3y_pct,pat_cagr_5y_pct,fcf_cagr_5y_pct,pe_ratio,pb_ratio,dividend_yield_pct,revenue_cr,composite_score
quality_compounder,1.0,INDIGO,Interglobe Aviation Ltd,Consumer Discretionary,2024.0,856.9779643231899,4744.8098663926,11.852722628584695,0.0209863588667366,22.61263972484953,9424.0,67.58091776468258,19.313355125806165,,120.69250867467932,71.56520119992503,76.23,7.87,4.27,68904,79.85
quality_compounder,2.0,IRCTC,Indian Railway Catering & Tourism Corporation Ltd,Consumer Discretionary,2024.0,31.535623048538174,39.52314165497896,26.01873536299766,0.0119216576781152,82.73684210526316,667.0,76.46921430165466,17.955244103890912,81.11627776293705,29.16686408659448,35.50477381816852,60.44,5.74,1.08,4270,71.65
quality_compounder,3.0,NESTLEIND,Nestle India Ltd,Consumer Staples,2024.0,98.57142857142858,120.98623853211012,16.12281708616873,0.0927318295739348,41.18620689655173,2938.0,18.282008662499027,14.548573711802671,22.913427743605965,14.85231951299384,4.320098447494725,54.96,14.34,3.85,24394,62.38
quality_compounder,4.0,ADANIPOWER,Adani Power Ltd,Energy,2024.0,37.22522071701755,15.264950511963612,41.36759945184802,0.6738570969010258,8.297225501770956,17651.0,24.29479715622616,16.086096410440966,154.07088459944453,,30.71118060790721,44.57,9.91,1.65,50351,60.92
quality_compounder,5.0,LTIM,LTIMindtree Ltd,Information Technology,2024.0,21.75563463819692,23.793854963463097,12.90931103415266,0.110367734282325,31.93243243243243,1752.0,42.13101535214459,30.32798083513346,33.24835486418234,24.775129058601,22.08444037386408,64.52,2.38,4.43,35517,57.47
quality_compounder,6.0,TCS,Tata Consultancy Services Ltd,Information Technology,2024.0,45.4199714271639,53.65520485611673,19.136712150207767,0.0891275432287304,87.09511568123393,50429.0,13.632864555506409,10.463614801716602,12.286310199806591,7.871172131953608,10.770842456987785,78.69,6.08,1.62,240893,56.38
quality_compounder,7.0,ASIANPAINT,"Asian Paints
Indian Multi-National Paint and Coating Manufacturing Company",Materials,2024.0,30.836662228140256,32.775073028237586,15.658543456824903,0.1395916555703506,41.00487804878049,3556.0,17.801037676951047,13.029660349453076,20.11756716333324,20.277362101955056,18.035870453634505,73.37,3.9,2.42,35495,56.23
quality_compounder,8.0,TRENT,Trent Ltd,Consumer Discretionary,2024.0,31.55982905982906,19.932536031892056,11.935353535353537,0.3935897435897436,8.043478260869565,841.0,68.36335197744833,36.30691600183056,,73.11367578503176,,8.65,11.82,3.46,12375,54.09
quality_compounder,9.0,SIEMENS,Siemens Ltd,Industrials,2024.0,17.698769290877124,17.7411102583781,12.221223021582734,0.0181676108614963,67.15,1168.0,18.99870072744285,11.193358902067896,35.646062247422265,19.85339817550189,53.28962129081927,33.32,9.25,3.69,22240,51.1
quality_compounder,10.0,INFY,Infosys Ltd,Information Technology,2024.0,29.015177475874115,31.981423836723184,17.08075746730006,0.0973215568796082,87.52340425531915,20117.0,15.216500798806363,13.199100930556227,10.558796476740762,11.23941998365794,7.201272446841034,35.99,8.97,4.1,153670,50.59
quality_compounder,11.0,HCLTECH,HCL Technologies Ltd,Information Technology,2024.0,22.809437386569872,26.819435887820426,14.293122742532727,0.0840798548094373,46.46112115732369,15840.0,13.396477329776978,12.710299978373406,12.0436628527816,9.194090295112025,22.616181854301495,63.63,5.44,1.99,109913,49.01
quality_compounder,12.0,PIDILITIND,Pidilite Industries Ltd,Materials,2024.0,20.04589787722318,26.02815042885419,14.108051360736493,0.0434882386689615,54.333333333333336,955.0,19.2998469335665,11.836370175898114,15.76701574818362,13.48774998597666,23.53017525858574,36.12,12.3,1.01,12383,48.37
quality_compounder,13.0,LT,Larsen & Toubro Ltd,Industrials,2024.0,73.76986951364175,111.88838083842572,7.031246466738726,0.110367734282325,3.5441547518923464,20445.0,17.592821624288746,10.335347989682408,6.361264204860495,8.75885858017449,,30.8,2.48,1.26,221113,46.09
quality_compounder,14.0,EICHERMOT,Eicher Motors Ltd,Consumer Discretionary,2024.0,21.081195005005533,19.24882629107981,24.19569424286405,0.0212866852837346,114.70588235294116,890.0,23.776441520116,11.036936496739692,43.747506025200565,12.675841665377696,-0.552520013345259,15.62,13.61,4.41,16536,45.25
quality_compounder,15.0,DRREDDY,Dr Reddys Laboratories Ltd,Healthcare,2024.0,18.140427330970116,18.15296463781142,19.9136053693192,0.1578587921558424,51.707602339181285,509.0,13.71726615103832,12.639644349571988,41.90561020689674,23.392504645437477,-24.68901184980715,11.73,10.19,0.09,28011,41.39
quality_compounder,16.0,ICICIBANK,ICICI Bank Ltd,Financials,2024.0,17.99027109750765,5.11888931768417,28.8880112339828,6.445624336310825,1.3009461331381824,12547.0,21.39660074377121,17.25086850260209,31.28635844345755,51.94877118224903,-7.360467011220518,25.76,6.2,3.43,159516,40.32
quality_compounder,17.0,ATGL,Adani Total Gas Ltd,Energy,2024.0,17.08003068268985,17.62295081967213,14.927374301675975,0.3725389925850166,10.504504504504505,0.0,38.18335427451367,21.08864867789759,12.99654305433795,23.8762916927858,,56.96,5.76,0.51,4475,39.13
quality_compounder,18.0,MARUTI,Maruti Suzuki India Ltd,Consumer Discretionary,2024.0,15.133631039202928,14.974687514000268,9.50809964894472,0.0017727711330027,117.90721649484536,4936.0,26.323644326166008,10.510215112642584,45.38758594934527,12.007182039300378,10.027783515753708,20.78,8.26,1.78,141858,38.09
quality_compounder,19.0,CANBK,Canara Bank,Financials,2024.0,16.716051794688113,3.0948490094827803,13.935160470145403,14.867419925542425,1.6106611743349857,13296.0,16.302939300232524,18.17561078322378,73.3401622666352,85.7752850068174,-5.337862323751841,36.74,12.61,3.81,110519,35.68
quality_compounder,20.0,HAVELLS,Havells India Ltd,Industrials,2024.0,16.307415960995638,18.988432192960865,6.837009144701453,0.0425968693867077,25.357142857142858,335.0,21.14089015706202,13.03790793906312,6.77797587953104,10.033231229420036,-13.354873869419738,45.41,14.08,2.6,18590,32.89
value_pick,1.0,MOTHERSON,Samvardhana Motherson International Ltd,Consumer Discretionary,2024.0,9.254152111294967,9.495099136965772,3.060025128683176,0.7788502788502788,5.224737713970182,925.0,19.82084189180693,9.21195713294276,24.39263468831445,7.557399109099472,-1.4285671285633073,9.54,2.38,2.18,98692,24.8
value_pick,2.0,M&M,"Mahindra & Mahindra Ltd
",Consumer Discretionary,2024.0,17.40376159541573,10.76510840903996,8.82238743726542,1.6573146861081955,3.7646901709401703,-11245.0,23.25354287403429,5.838805854237616,100.95443275430912,15.316887061047968,,14.22,0.81,2.37,139078,18.23
growth_accelerator,1.0,INDIGO,Interglobe Aviation Ltd,Consumer Discretionary,2024.0,856.9779643231899,4744.8098663926,11.852722628584695,0.0209863588667366,22.61263972484953,9424.0,67.58091776468258,19.313355125806165,,120.69250867467932,71.56520119992503,76.23,7.87,4.27,68904,79.85
growth_accelerator,2.0,CANBK,Canara Bank,Financials,2024.0,16.716051794688113,3.0948490094827803,13.935160470145403,14.867419925542425,1.6106611743349857,13296.0,16.302939300232524,18.17561078322378,73.3401622666352,85.7752850068174,-5.337862323751841,36.74,12.61,3.81,110519,35.68
growth_accelerator,3.0,BANKBARODA,Bank of Baroda,Financials,2024.0,15.761863790899902,2.712278690337432,15.93948250956673,12.143718727289434,1.8967477242617208,-7559.0,16.788839489625307,17.477297665890944,126.679000994827,74.50588066551305,,16.89,4.15,2.62,118379,27.36
growth_accelerator,4.0,TRENT,Trent Ltd,Consumer Discretionary,2024.0,31.55982905982906,19.932536031892056,11.935353535353537,0.3935897435897436,8.043478260869565,841.0,68.36335197744833,36.30691600183056,,73.11367578503176,,8.65,11.82,3.46,12375,54.09
growth_accelerator,5.0,ICICIBANK,ICICI Bank Ltd,Financials,2024.0,17.99027109750765,5.11888931768417,28.8880112339828,6.445624336310825,1.3009461331381824,12547.0,21.39660074377121,17.25086850260209,31.28635844345755,51.94877118224903,-7.360467011220518,25.76,6.2,3.43,159516,40.32
growth_accelerator,6.0,ADANIENT,Adani Enterprises Ltd,Industrials,2024.0,7.960187130036281,6.813927061958911,3.458790097592848,1.91968206988734,2.7492864983534577,-8455.0,34.60338228109774,19.01541475308124,47.182006037517255,45.81058899665285,,58.87,10.41,0.83,96421,25.24
growth_accelerator,7.0,BAJFINANCE,Bajaj Finance Ltd,Financials,2024.0,16.648042118359964,3.7506599419494377,26.287928399912687,3.735101321382901,2689.1666666666665,-79931.0,27.259405758095312,24.35264273954201,48.41981202939976,29.32313482597901,,69.2,4.11,0.27,54972,35.6
growth_accelerator,8.0,IRCTC,Indian Railway Catering & Tourism Corporation Ltd,Consumer Discretionary,2024.0,31.535623048538174,39.52314165497896,26.01873536299766,0.0119216576781152,82.73684210526316,667.0,76.46921430165466,17.955244103890912,81.11627776293705,29.16686408659448,35.50477381816852,60.44,5.74,1.08,4270,71.65
growth_accelerator,9.0,LTIM,LTIMindtree Ltd,Information Technology,2024.0,21.75563463819692,23.793854963463097,12.90931103415266,0.110367734282325,31.93243243243243,1752.0,42.13101535214459,30.32798083513346,33.24835486418234,24.775129058601,22.08444037386408,64.52,2.38,4.43,35517,57.47
growth_accelerator,10.0,ATGL,Adani Total Gas Ltd,Energy,2024.0,17.08003068268985,17.62295081967213,14.927374301675975,0.3725389925850166,10.504504504504505,0.0,38.18335427451367,21.08864867789759,12.99654305433795,23.8762916927858,,56.96,5.76,0.51,4475,39.13
growth_accelerator,11.0,HDFCBANK,HDFC Bank Ltd,Financials,2024.0,14.33974005030719,4.801033923800871,23.07288232992184,6.808786667718385,1.4007688224792112,35669.0,30.186956140948773,21.95098428169122,27.12356908487252,23.865063572879077,,49.42,4.4,4.33,283649,31.75
growth_accelerator,12.0,BAJAJFINSV,Bajaj Finserv Ltd,Financials,2024.0,22.8247347237468,10.332299741602068,14.128209309488865,4.66410537870472,2.197130112323319,-79634.0,22.131490415528443,20.97274568418761,28.399964328592414,23.74781614270227,,15.07,6.08,2.56,110382,28.47
growth_accelerator,13.0,SHRIRAMFIN,"Shriram Finance Ltd
",Financials,2024.0,14.122385096961368,3.818040674526925,20.333626470264925,3.966636127653077,0.6766743648960739,-31359.0,27.82625310142639,18.556070052776757,43.59376752249222,23.49387942502037,,68.53,7.91,1.86,36388,23.21
growth_accelerator,14.0,CHOLAFIN,Cholamandalam Investment & Finance Company Ltd,Financials,2024.0,15.973097940311051,2.8920458980563577,17.846892448990243,7.376722245574705,21.211764705882352,-38538.0,25.985530916686983,21.939164804975263,31.008346108097527,23.36341725167208,,16.79,10.36,2.83,19163,30.07
growth_accelerator,15.0,IRFC,Indian Railway Finance Corporation Ltd,Financials,2024.0,12.458952686291656,5.830488191193552,24.064552448864703,7.832721266880404,1.3194865927068304,7906.0,19.101938730495597,19.06740855567788,13.23694644929214,23.245023933940367,,9.81,3.91,2.82,26645,29.4
growth_accelerator,16.0,DMART,Avenue Supermarts Ltd,Consumer Discretionary,2024.0,12.59310755785083,16.186274039614407,4.993207190533383,0.0354057006654086,73.29310344827586,278.0,28.132551951927297,20.48312440202782,32.144934169439935,22.96698996520703,,72.53,11.71,1.94,50789,37.06
growth_accelerator,17.0,INDUSINDBK,IndusInd Bank Ltd,Financials,2024.0,14.252273197764223,3.475962286021232,19.56369677362945,6.885742949503957,1.8795270558159352,-17468.0,16.410290098595137,15.495613083358029,46.680462139134974,22.07746495394836,,8.99,3.7,1.42,45748,21.89
growth_accelerator,18.0,TATACONSUM,Tata Consumer Products Ltd,Consumer Staples,2024.0,6.350616767719004,8.634038121972202,7.990266999868472,0.1544532720050177,25.32183908045977,26.0,9.436125385661253,15.96086282879563,9.319535187362147,21.59956338772886,-37.04887150623013,54.79,7.14,1.87,15206,31.63
dividend_champion,1.0,LTIM,LTIMindtree Ltd,Information Technology,2024.0,21.75563463819692,23.793854963463097,12.90931103415266,0.110367734282325,31.93243243243243,1752.0,42.13101535214459,30.32798083513346,33.24835486418234,24.775129058601,22.08444037386408,64.52,2.38,4.43,35517,57.47
dividend_champion,2.0,EICHERMOT,Eicher Motors Ltd,Consumer Discretionary,2024.0,21.081195005005533,19.24882629107981,24.19569424286405,0.0212866852837346,114.70588235294116,890.0,23.776441520116,11.036936496739692,43.747506025200565,12.675841665377696,-0.552520013345259,15.62,13.61,4.41,16536,45.25
dividend_champion,3.0,COALINDIA,Coal India Ltd,Materials,2024.0,38.84632576899488,84.23658581138896,26.25628846856468,0.0812499350291589,11.24178180085755,13617.0,16.493956528516662,7.402890725901301,43.28908935217686,16.43231987118112,9.987217411819094,34.27,14.75,4.38,142324,62.92
dividend_champion,4.0,HDFCBANK,HDFC Bank Ltd,Financials,2024.0,14.33974005030719,4.801033923800871,23.07288232992184,6.808786667718385,1.4007688224792112,35669.0,30.186956140948773,21.95098428169122,27.12356908487252,23.865063572879077,,49.42,4.4,4.33,283649,31.75
dividend_champion,5.0,INDIGO,Interglobe Aviation Ltd,Consumer Discretionary,2024.0,856.9779643231899,4744.8098663926,11.852722628584695,0.0209863588667366,22.61263972484953,9424.0,67.58091776468258,19.313355125806165,,120.69250867467932,71.56520119992503,76.23,7.87,4.27,68904,79.85
dividend_champion,6.0,BOSCHLTD,Bosch Ltd,Consumer Discretionary,2024.0,19.54780970325012,13.039392278173704,14.886112273569676,0.0024336630554247,71.7843137254902,1536.0,19.843289373664,6.717165240230294,72.86912600423906,9.275930793686072,-8.2232541048765,58.43,6.47,4.23,16727,34.37
dividend_champion,7.0,RELIANCE,"Reliance Industries Ltd
",Energy,2024.0,9.64301796442261,9.487518033472163,8.789365557299389,0.4362971396773213,7.728912535686478,45207.0,24.46173600944801,9.606097094616972,13.714491828409226,14.680632603495592,,58.34,3.25,4.21,899041,26.16
dividend_champion,8.0,SUNPHARMA,Sun Pharmaceuticals Industries Ltd,Healthcare,2024.0,13.90436229472618,14.592603958876785,19.815658700538176,0.0372133400853649,58.33193277310925,11372.0,13.126755589483484,10.78116321985565,61.722961970425125,24.536829642931245,43.238258609440905,37.9,6.71,3.88,48497,53.05
dividend_champion,9.0,NESTLEIND,Nestle India Ltd,Consumer Staples,2024.0,98.57142857142858,120.98623853211012,16.12281708616873,0.0927318295739348,41.18620689655173,2938.0,18.282008662499027,14.548573711802671,22.913427743605965,14.85231951299384,4.320098447494725,54.96,14.34,3.85,24394,62.38
dividend_champion,10.0,CANBK,Canara Bank,Financials,2024.0,16.716051794688113,3.0948490094827803,13.935160470145403,14.867419925542425,1.6106611743349857,13296.0,16.302939300232524,18.17561078322378,73.3401622666352,85.7752850068174,-5.337862323751841,36.74,12.61,3.81,110519,35.68
dividend_champion,11.0,LICI,Life Insurance Corporation of India,Financials,2024.0,41.906244558927455,33.091646440750864,4.836600998148862,0.0001024201890676,371.9375,853.0,6.981735429882496,8.15986061977938,139.6168760853028,73.17556747076097,-48.217288413715806,30.67,8.1,3.77,845966,48.36
dividend_champion,12.0,SIEMENS,Siemens Ltd,Industrials,2024.0,17.698769290877124,17.7411102583781,12.221223021582734,0.0181676108614963,67.15,1168.0,18.99870072744285,11.193358902067896,35.646062247422265,19.85339817550189,53.28962129081927,33.32,9.25,3.69,22240,51.1
dividend_champion,13.0,TATAMOTORS,Tata Motors Ltd,Consumer Discretionary,2024.0,31.472759296273573,15.542529056745549,7.263066074788551,1.0542934040489995,6.530242339274985,45133.0,20.579364569370973,7.720159538623927,,,,67.07,0.93,3.65,437928,29.35
dividend_champion,14.0,BAJAJ-AUTO,Bajaj Auto Ltd,Consumer Discretionary,2024.0,24.881371251492947,23.18904593639576,17.178515712057056,0.1693082410665289,174.41666666666666,6486.0,17.384652616671946,8.127604751021389,16.642781522818396,9.358917170384974,23.982350488934777,29.91,9.83,3.59,44870,48.38
dividend_champion,15.0,ICICIGI,ICICI Lombard General Insurance Company Ltd,Financials,2024.0,14.084403669724772,130.46605504587157,9.366915605017816,0.0,999.0,486.0,18.98796206427069,12.91184100336258,9.217125634550683,12.83917371819816,32.27903093325808,49.0,7.86,3.46,20487,55.27
dividend_champion,15.0,TRENT,Trent Ltd,Consumer Discretionary,2024.0,31.55982905982906,19.932536031892056,11.935353535353537,0.3935897435897436,8.043478260869565,841.0,68.36335197744833,36.30691600183056,,73.11367578503176,,8.65,11.82,3.46,12375,54.09
dividend_champion,17.0,ICICIBANK,ICICI Bank Ltd,Financials,2024.0,17.99027109750765,5.11888931768417,28.8880112339828,6.445624336310825,1.3009461331381824,12547.0,21.39660074377121,17.25086850260209,31.28635844345755,51.94877118224903,-7.360467011220518,25.76,6.2,3.43,159516,40.32
dividend_champion,18.0,DABUR,Dabur India Ltd,Consumer Staples,2024.0,17.477320980505695,16.518078256562653,14.600128990648178,0.1690793283149971,23.241935483870968,1042.0,9.061384362071356,7.814065037783324,2.231072252692079,4.604418961155621,-10.720507575469451,50.95,13.59,3.42,12404,32.34
dividend_champion,19.0,BAJAJHLDNG,Bajaj Holdings & Investment Ltd,Financials,2024.0,12.311318389248282,2.552196425588776,432.7262044653349,0.0007856510037945,3764.5,1469.0,55.00574158769729,31.612293448969165,26.318822706492305,19.297559063731292,25.867547044417385,37.73,9.38,3.37,1702,56.63
dividend_champion,20.0,APOLLOHOSP,"Apollo Hospitals
Chain of Indian private hospitals",Healthcare,2024.0,12.465004666044528,11.477945131791286,4.905818773282963,0.9826689774696707,5.565701559020044,383.0,21.752736351876717,14.660042602193135,89.6838465061924,36.13077689773863,14.572241252408505,47.72,7.68,3.22,19059,42.2
dividend_champion,21.0,SHREECEM,Shree Cement Ltd,Materials,2024.0,8.300205948560754,11.617392846061788,8.445007553238145,0.080559413765027,19.82558139534884,1929.0,14.80997180241832,10.325615915556586,-9.486515671324725,11.2926552609119,7.2404589297854205,25.87,1.21,3.2,20521,32.89
dividend_champion,22.0,TITAN,"Titan Company Ltd
",Consumer Discretionary,2024.0,35.90797041906327,15.0012745347948,6.843630099444054,2.223500410846344,9.411954765751211,1506.0,33.14221885428872,20.897163953120245,53.11021124836826,20.27457629679304,27.555157291093035,10.13,10.51,3.1,51084,50.77
dividend_champion,23.0,JIOFIN,Jio Financial Services Ltd,Financials,2024.0,1.1703027474771044,1.1207198273347725,86.52291105121293,0.0,999.0,763.0,,,,,,34.24,9.91,3.09,1855,30.0
dividend_champion,23.0,POWERGRID,Power Grid Corporation of India Ltd,Energy,2024.0,16.915957897481018,12.454514534382586,33.97028990249329,1.331378107993613,4.60298643565485,24176.0,4.965471644662767,5.510261937513361,8.967428329021487,9.189188268434778,39.69769001638159,64.39,5.1,3.09,45843,44.7
dividend_champion,25.0,IRFC,Indian Railway Finance Corporation Ltd,Financials,2024.0,12.458952686291656,5.830488191193552,24.064552448864703,7.832721266880404,1.3194865927068304,7906.0,19.101938730495597,19.06740855567788,13.23694644929214,23.245023933940367,,9.81,3.91,2.82,26645,29.4
dividend_champion,26.0,HAL,Hindustan Aeronautics Ltd,Industrials,2024.0,3669.082125603864,2520.5438066465254,24.999177117277245,0.5990338164251208,270.8837209302326,1814.0,9.909701355201484,8.712548590236358,32.85327865470051,26.485270563052985,,71.89,3.65,2.77,30381,58.37
dividend_champion,27.0,HAVELLS,Havells India Ltd,Industrials,2024.0,16.307415960995638,18.988432192960865,6.837009144701453,0.0425968693867077,25.357142857142858,335.0,21.14089015706202,13.03790793906312,6.77797587953104,10.033231229420036,-13.354873869419738,45.41,14.08,2.6,18590,32.89
dividend_champion,28.0,DLF,DLF Ltd,Real Estate,2024.0,6.771571332687001,4.438753734528382,42.38369379181578,0.1066447908121411,7.457865168539326,1010.0,5.883921200220743,-5.136730668466605,35.99602527786225,15.697066513836644,-13.167331275383065,46.26,14.32,2.58,6427,31.78
dividend_champion,29.0,ASIANPAINT,"Asian Paints
Indian Multi-National Paint and Coating Manufacturing Company",Materials,2024.0,30.836662228140256,32.775073028237586,15.658543456824903,0.1395916555703506,41.00487804878049,3556.0,17.801037676951047,13.029660349453076,20.11756716333324,20.277362101955056,18.035870453634505,73.37,3.9,2.42,35495,56.23
dividend_champion,30.0,MOTHERSON,Samvardhana Motherson International Ltd,Consumer Discretionary,2024.0,9.254152111294967,9.495099136965772,3.060025128683176,0.7788502788502788,5.224737713970182,925.0,19.82084189180693,9.21195713294276,24.39263468831445,7.557399109099472,-1.4285671285633073,9.54,2.38,2.18,98692,24.8
debt_free_blue_chip,1.0,PNB,Punjab National Bank,Financials,2024.0,61.320565191187306,,8.395910695456838,3.684256345007701,,-29445.0,10.003199043012213,15.902076009106024,50.336631443573786,,,19.29,10.91,1.32,109065,22.82
debt_free_blue_chip,2.0,LICI,Life Insurance Corporation of India,Financials,2024.0,41.906244558927455,33.091646440750864,4.836600998148862,0.0001024201890676,371.9375,853.0,6.981735429882496,8.15986061977938,139.6168760853028,73.17556747076097,-48.217288413715806,30.67,8.1,3.77,845966,48.36
debt_free_blue_chip,3.0,PFC,Power Finance Corporation Ltd,Financials,2024.0,24.045399196699563,3.284686911130209,28.916597455960137,8.273331152427167,0.5804147544943239,-101229.0,8.493112204756725,11.081753577550923,18.9656031749176,15.923593622700729,,35.6,6.59,0.42,91508,24.84
debt_free_blue_chip,4.0,BAJAJFINSV,Bajaj Finserv Ltd,Financials,2024.0,22.8247347237468,10.332299741602068,14.128209309488865,4.66410537870472,2.197130112323319,-79634.0,22.131490415528443,20.97274568418761,28.399964328592414,23.74781614270227,,15.07,6.08,2.56,110382,28.47
debt_free_blue_chip,5.0,RECLTD,REC Ltd,Financials,2024.0,19.242279961909944,8.590321416840325,29.7682934528695,6.578928037001768,1.6004741552023507,-59554.0,10.147497322590194,13.338042247865678,19.07507541943736,19.763114350230797,,31.49,4.59,2.18,47517,26.78
debt_free_blue_chip,6.0,ICICIBANK,ICICI Bank Ltd,Financials,2024.0,17.99027109750765,5.11888931768417,28.8880112339828,6.445624336310825,1.3009461331381824,12547.0,21.39660074377121,17.25086850260209,31.28635844345755,51.94877118224903,-7.360467011220518,25.76,6.2,3.43,159516,40.32
debt_free_blue_chip,7.0,CANBK,Canara Bank,Financials,2024.0,16.716051794688113,3.0948490094827803,13.935160470145403,14.867419925542425,1.6106611743349857,13296.0,16.302939300232524,18.17561078322378,73.3401622666352,85.7752850068174,-5.337862323751841,36.74,12.61,3.81,110519,35.68
debt_free_blue_chip,8.0,BAJFINANCE,Bajaj Finance Ltd,Financials,2024.0,16.648042118359964,3.7506599419494377,26.287928399912687,3.735101321382901,2689.1666666666665,-79931.0,27.259405758095312,24.35264273954201,48.41981202939976,29.32313482597901,,69.2,4.11,0.27,54972,35.6
debt_free_blue_chip,9.0,CHOLAFIN,Cholamandalam Investment & Finance Company Ltd,Financials,2024.0,15.973097940311051,2.8920458980563577,17.846892448990243,7.376722245574705,21.211764705882352,-38538.0,25.985530916686983,21.939164804975263,31.008346108097527,23.36341725167208,,16.79,10.36,2.83,19163,30.07
debt_free_blue_chip,10.0,AXISBANK,Axis Bank Ltd,Financials,2024.0,15.832712405189048,2.5207167817120824,22.73130411725443,8.249122739980766,1.691203992514036,-14556.0,19.966046890428714,14.74358712051438,55.68795030685318,39.67228711897934,,38.14,4.66,2.32,109369,28.32
debt_free_blue_chip,11.0,BANKBARODA,Bank of Baroda,Financials,2024.0,15.761863790899902,2.712278690337432,15.93948250956673,12.143718727289434,1.8967477242617208,-7559.0,16.788839489625307,17.477297665890944,126.679000994827,74.50588066551305,,16.89,4.15,2.62,118379,27.36
debt_free_blue_chip,12.0,HDFCBANK,HDFC Bank Ltd,Financials,2024.0,14.33974005030719,4.801033923800871,23.07288232992184,6.808786667718385,1.4007688224792112,35669.0,30.186956140948773,21.95098428169122,27.12356908487252,23.865063572879077,,49.42,4.4,4.33,283649,31.75
debt_free_blue_chip,13.0,INDUSINDBK,IndusInd Bank Ltd,Financials,2024.0,14.252273197764223,3.475962286021232,19.56369677362945,6.885742949503957,1.8795270558159352,-17468.0,16.410290098595137,15.495613083358029,46.680462139134974,22.07746495394836,,8.99,3.7,1.42,45748,21.89
debt_free_blue_chip,14.0,SHRIRAMFIN,"Shriram Finance Ltd
",Financials,2024.0,14.122385096961368,3.818040674526925,20.333626470264925,3.966636127653077,0.6766743648960739,-31359.0,27.82625310142639,18.556070052776757,43.59376752249222,23.49387942502037,,68.53,7.91,1.86,36388,23.21
debt_free_blue_chip,15.0,ICICIGI,ICICI Lombard General Insurance Company Ltd,Financials,2024.0,14.084403669724772,130.46605504587157,9.366915605017816,0.0,999.0,486.0,18.98796206427069,12.91184100336258,9.217125634550683,12.83917371819816,32.27903093325808,49.0,7.86,3.46,20487,55.27
debt_free_blue_chip,16.0,KOTAKBANK,"Kotak Mahindra Bank Ltd
",Financials,2024.0,14.013018188532914,7.113136699541475,32.386151466116615,4.003739266919029,1.2363751084470385,6766.0,19.66335897034557,13.51960376324537,22.162712282993223,20.38200065626572,,32.9,1.15,1.51,56237,28.08
debt_free_blue_chip,17.0,IRFC,Indian Railway Finance Corporation Ltd,Financials,2024.0,12.458952686291656,5.830488191193552,24.064552448864703,7.832721266880404,1.3194865927068304,7906.0,19.101938730495597,19.06740855567788,13.23694644929214,23.245023933940367,,9.81,3.91,2.82,26645,29.4
turnaround_watch,1.0,IRCTC,Indian Railway Catering & Tourism Corporation Ltd,Consumer Discretionary,2024.0,31.535623048538174,39.52314165497896,26.01873536299766,0.0119216576781152,82.73684210526316,667.0,76.46921430165466,17.955244103890912,81.11627776293705,29.16686408659448,35.50477381816852,60.44,5.74,1.08,4270,71.65
turnaround_watch,2.0,TRENT,Trent Ltd,Consumer Discretionary,2024.0,31.55982905982906,19.932536031892056,11.935353535353537,0.3935897435897436,8.043478260869565,841.0,68.36335197744833,36.30691600183056,,73.11367578503176,,8.65,11.82,3.46,12375,54.09
turnaround_watch,3.0,GAIL,GAIL (India) Ltd,Energy,2024.0,11.816153396413274,10.287990255314623,7.433122166511544,0.2342469185886957,23.624478442280942,4360.0,32.42353373080278,11.825154521824269,17.25429359158057,8.608876760374562,13.814112331981754,25.84,9.54,0.31,133228,35.96
turnaround_watch,4.0,HDFCBANK,HDFC Bank Ltd,Financials,2024.0,14.33974005030719,4.801033923800871,23.07288232992184,6.808786667718385,1.4007688224792112,35669.0,30.186956140948773,21.95098428169122,27.12356908487252,23.865063572879077,,49.42,4.4,4.33,283649,31.75
turnaround_watch,5.0,IOC,"Indian Oil Corporation
",Energy,2024.0,23.79773496686259,17.339246505611037,5.559462717942377,0.9009461530827167,10.282324578099226,39635.0,28.727791225279177,8.008755667240486,25.64085913541887,20.099089966731643,,28.61,4.24,1.25,776352,32.91
turnaround_watch,6.0,ADANIPORTS,"Adani Ports & Special Economic Zone Ltd
",Industrials,2024.0,14.173779208059326,10.86837387726289,30.339560480700836,0.882975374282916,5.949506037321624,8250.0,28.63193631184944,19.57867595245697,17.084126579285687,14.909565182041629,37.78973446864202,48.9,2.31,1.16,26711,56.1
turnaround_watch,7.0,MARUTI,Maruti Suzuki India Ltd,Consumer Discretionary,2024.0,15.133631039202928,14.974687514000268,9.50809964894472,0.0017727711330027,117.90721649484536,4936.0,26.323644326166008,10.510215112642584,45.38758594934527,12.007182039300378,10.027783515753708,20.78,8.26,1.78,141858,38.09
turnaround_watch,8.0,TVSMOTOR,TVS Motor Company Ltd,Consumer Discretionary,2024.0,22.92525773195876,20.21984896554806,4.544641716694342,1.88389175257732,2.9076763485477177,-2254.0,26.31887127852206,14.192387704277063,43.02900681569186,19.665122106676503,,46.1,5.62,3.07,39145,25.36
turnaround_watch,9.0,BPCL,Bharat Petroleum Corporation Ltd,Energy,2024.0,34.832961560408776,27.436979733505893,5.994201967046283,0.763604295274161,11.355507351168956,25415.0,24.863629368132333,8.483226324685255,15.748130122124548,25.790698729746552,,68.15,0.72,1.15,448083,41.48
turnaround_watch,10.0,RELIANCE,"Reliance Industries Ltd
",Energy,2024.0,9.64301796442261,9.487518033472163,8.789365557299389,0.4362971396773213,7.728912535686478,45207.0,24.46173600944801,9.606097094616972,13.714491828409226,14.680632603495592,,58.34,3.25,4.21,899041,26.16
turnaround_watch,11.0,ADANIPOWER,Adani Power Ltd,Energy,2024.0,37.22522071701755,15.264950511963612,41.36759945184802,0.6738570969010258,8.297225501770956,17651.0,24.29479715622616,16.086096410440966,154.07088459944453,,30.71118060790721,44.57,9.91,1.65,50351,60.92
turnaround_watch,12.0,TATAPOWER,"Tata Power Company Ltd
",Energy,2024.0,12.707838479809975,7.553753505663413,6.965125551270159,1.7314133016627078,3.054392402331103,3569.0,23.398271146138303,15.511158201876407,43.81173474053719,10.431728917459004,-3.666968259247616,14.5,3.48,0.49,61449,28.11
turnaround_watch,13.0,ICICIBANK,ICICI Bank Ltd,Financials,2024.0,17.99027109750765,5.11888931768417,28.8880112339828,6.445624336310825,1.3009461331381824,12547.0,21.39660074377121,17.25086850260209,31.28635844345755,51.94877118224903,-7.360467011220518,25.76,6.2,3.43,159516,40.32
turnaround_watch,14.0,TATAMOTORS,Tata Motors Ltd,Consumer Discretionary,2024.0,31.472759296273573,15.542529056745549,7.263066074788551,1.0542934040489995,6.530242339274985,45133.0,20.579364569370973,7.720159538623927,,,,67.07,0.93,3.65,437928,29.35
turnaround_watch,15.0,BOSCHLTD,Bosch Ltd,Consumer Discretionary,2024.0,19.54780970325012,13.039392278173704,14.886112273569676,0.0024336630554247,71.7843137254902,1536.0,19.843289373664,6.717165240230294,72.86912600423906,9.275930793686072,-8.2232541048765,58.43,6.47,4.23,16727,34.37
turnaround_watch,16.0,PIDILITIND,Pidilite Industries Ltd,Materials,2024.0,20.04589787722318,26.02815042885419,14.108051360736493,0.0434882386689615,54.333333333333336,955.0,19.2998469335665,11.836370175898114,15.76701574818362,13.48774998597666,23.53017525858574,36.12,12.3,1.01,12383,48.37
turnaround_watch,17.0,IRFC,Indian Railway Finance Corporation Ltd,Financials,2024.0,12.458952686291656,5.830488191193552,24.064552448864703,7.832721266880404,1.3194865927068304,7906.0,19.101938730495597,19.06740855567788,13.23694644929214,23.245023933940367,,9.81,3.91,2.82,26645,29.4
turnaround_watch,18.0,ADANIENSOL,Adani Energy Solutions Ltd,Energy,2024.0,5.69930903025971,6.558989232256559,7.201782380923707,1.8588992137240887,2.284784965666787,1095.0,18.71501132287989,17.85124994851739,-2.4904490462308027,16.42972571572392,,58.5,9.05,1.65,16607,23.57
turnaround_watch,19.0,JSWENERGY,JSW Energy Ltd,Energy,2024.0,6.167101640985306,6.373249014007889,15.018283127285391,1.1030352865467803,2.8514369215781783,-1963.0,18.3892871729012,4.679956053916468,27.976360369609463,20.322431469794555,,24.79,9.88,1.25,11486,15.36
turnaround_watch,20.0,NESTLEIND,Nestle India Ltd,Consumer Staples,2024.0,98.57142857142858,120.98623853211012,16.12281708616873,0.0927318295739348,41.18620689655173,2938.0,18.282008662499027,14.548573711802671,22.913427743605965,14.85231951299384,4.320098447494725,54.96,14.34,3.85,24394,62.38
turnaround_watch,21.0,BANKBARODA,Bank of Baroda,Financials,2024.0,15.761863790899902,2.712278690337432,15.93948250956673,12.143718727289434,1.8967477242617208,-7559.0,16.788839489625307,17.477297665890944,126.679000994827,74.50588066551305,,16.89,4.15,2.62,118379,27.36
turnaround_watch,22.0,CANBK,Canara Bank,Financials,2024.0,16.716051794688113,3.0948490094827803,13.935160470145403,14.867419925542425,1.6106611743349857,13296.0,16.302939300232524,18.17561078322378,73.3401622666352,85.7752850068174,-5.337862323751841,36.74,12.61,3.81,110519,35.68
turnaround_watch,23.0,SHREECEM,Shree Cement Ltd,Materials,2024.0,8.300205948560754,11.617392846061788,8.445007553238145,0.080559413765027,19.82558139534884,1929.0,14.80997180241832,10.325615915556586,-9.486515671324725,11.2926552609119,7.2404589297854205,25.87,1.21,3.2,20521,32.89
turnaround_watch,24.0,BHARTIARTL,Bharti Airtel Ltd,Communication Services,2024.0,9.825713564031322,12.395766363121684,5.706018055499993,2.5895083698822017,3.3055457435535147,27809.0,14.232767250604962,13.17410230151459,,38.35662769365473,,63.78,6.28,1.02,149982,24.32
turnaround_watch,25.0,UNIONBANK,,,2024.0,14.136560175413432,0.2738728962929691,13.745317605802184,12.823705403799256,0.35356038128906,18536.0,13.13819352004819,23.945769366938308,68.90964095388033,,,,,,100376,22.17
turnaround_watch,26.0,SUNPHARMA,Sun Pharmaceuticals Industries Ltd,Healthcare,2024.0,13.90436229472618,14.592603958876785,19.815658700538176,0.0372133400853649,58.33193277310925,11372.0,13.126755589483484,10.78116321985565,61.722961970425125,24.536829642931245,43.238258609440905,37.9,6.71,3.88,48497,53.05
turnaround_watch,27.0,ITC,"ITC Ltd
",Consumer Staples,2024.0,27.57021762814551,32.310440651052005,29.282025230717128,0.0040390083171684,362.9625,18742.0,12.890307004910628,7.950896846254429,15.743119736566346,10.083407558317958,21.64259503734181,47.85,3.24,4.26,70866,55.01
turnaround_watch,28.0,HDFCLIFE,HDFC Life Insurance Company Ltd,Financials,2024.0,10.087157139195078,609.3512142080465,1.5510139729213062,0.0608818251730325,192.2895238095238,-2893.0,12.366704821498663,21.16813430936688,4.966053172356233,4.25449161597129,,50.59,11.28,3.22,101482,34.47
turnaround_watch,29.0,ABB,Abbott India Ltd,Industrials,2024.0,34.10962794660608,38.59257190728847,20.53342451701145,0.0170406134620846,141.75,1095.0,10.713721789385655,9.716101277290168,20.232437941096727,21.69314043381163,,75.58,4.48,0.96,5849,49.45
turnaround_watch,30.0,AMBUJACEM,Ambuja Cements Ltd,Materials,2024.0,9.40527235191361,9.338285602580394,14.288299155609169,0.0154637128791488,28.264492753623188,-3295.0,10.591471422496255,4.952158000173124,15.102458796546347,9.769081298428103,,55.62,9.21,3.1,33160,20.81
turnaround_watch,31.0,CIPLA,"Cipla Ltd
",Healthcare,2024.0,14.645841413108624,63.94671107410491,16.11701714906495,0.0162535697916299,35.33876811594203,1152.0,10.389755935227928,9.513860126378049,20.249546582874324,22.726834848000887,228.7503659034452,59.75,5.93,0.12,25774,56.0
turnaround_watch,32.0,TORNTPHARM,Torrent Pharmaceuticals Ltd,Healthcare,2024.0,22.068230277185503,24.078254326561325,15.436241610738255,0.4168443496801706,9.926553672316384,3106.0,10.251830698592634,6.932744476678732,9.770422181784769,30.591457402327848,14.884634499872607,46.4,6.43,1.22,10728,47.89
